Feature,Importance
GHI,0.45154297
Actual_Power_MW_lag_24,0.32272625
GHI_lag_24,0.15861003
hour_cos,0.021583026
DNI_lag_1,0.009067976
Actual_Power_MW_lag_1,0.008972369
DNI,0.0075636776
DNI_rolling_3h,0.0061104307
Wind_Speed,0.0057744784
hour_sin,0.0029649124
Temperature,0.0009771688
Wind_Gusts,0.000782266
Wind_Speed_lag_1,0.0005901634
Humidity,0.0005502467
Precipitation,0.0003901845
Actual_Power_MW_rolling_3h,0.00021454737
DNI_lag_24,0.00018211974
Temperature_lag_1,0.00016694167
Temperature_rolling_3h,0.00015398666
month_cos,0.00015017115
Humidity_rolling_3h,0.00013573068
GHI_lag_1,0.000119463744
GHI_rolling_3h,8.8449706e-05
Wind_Speed_rolling_3h,7.731764e-05
Temperature_lag_24,6.81106e-05
Humidity_lag_24,5.9651815e-05
Wind_Speed_lag_24,5.525594e-05
Cloud_Cover_rolling_3h,4.637824e-05
Cloud_Cover_lag_24,4.3436587e-05
Wind_Direction,4.314716e-05
Pressure,3.9099472e-05
Cloud_Cover_lag_1,3.8328602e-05
day_of_week,3.252362e-05
Humidity_lag_1,2.850583e-05
month_sin,2.56177e-05
Cloud_Cover,2.5025645e-05
