Feature,Mean_Absolute_SHAP
GHI,8.0915785
GHI_lag_24,1.5780702
Wind_Speed,1.2040418
DNI,0.7051264
Actual_Power_MW_lag_1,0.20172901
Actual_Power_MW_lag_24,0.18485895
hour_cos,0.14865448
Wind_Gusts,0.09844322
DNI_lag_24,0.081482224
hour_sin,0.03954328
DNI_lag_1,0.03837662
Wind_Speed_lag_1,0.032641634
Temperature,0.030221589
GHI_lag_1,0.023957202
Humidity,0.018237697
Cloud_Cover_rolling_3h,0.014474627
Cloud_Cover_lag_1,0.010326574
DNI_rolling_3h,0.010185474
Cloud_Cover_lag_24,0.009695578
month_sin,0.009093939
Pressure,0.008680777
Temperature_lag_24,0.008537317
GHI_rolling_3h,0.0073734038
month_cos,0.0061369115
Wind_Speed_lag_24,0.005698086
Wind_Speed_rolling_3h,0.005592737
Temperature_lag_1,0.0052329833
Actual_Power_MW_rolling_3h,0.004955168
Humidity_lag_24,0.0049216286
Wind_Direction,0.0040662717
Precipitation,0.004013669
Temperature_rolling_3h,0.0029014095
Cloud_Cover,0.0026131568
Humidity_lag_1,0.0024495283
Humidity_rolling_3h,0.0023326473
day_of_week,0.0017875691
