Actual_Power_MW,Predicted_Power_MW
0.027464756050690653,1.9353476
0.12068935654564328,1.1766129
0.2638524830618305,1.5617533
0.9508439953595449,1.8914175
2.2363487951896346,2.6910267
3.2164919030447088,3.3467884
4.0,3.4667292
6.570399999999999,5.2664366
14.098,12.5043335
21.251977965630207,20.337387
29.8876,26.479475
34.7071,31.349043
35.185314117800736,33.815186
32.2203660784572,32.63919
26.352948979943204,28.161463
17.32678677360163,19.829979
12.865185740864035,12.23769
7.5802,6.5204115
2.747197186572217,3.0976
4.0,3.7349567
4.0,3.5884743
4.0,3.8813114
4.0,4.0522146
4.0,4.0549097
3.4189960610768626,3.9427605
3.4189960610768626,3.8152523
4.0,3.8677883
4.0,3.9346342
4.0,3.987814
4.0,4.042515
1.3458881792601236,4.221094
5.746301146896052,3.9847145
13.8685,13.565393
22.16517360415984,21.350185
26.88453822247837,26.903652
30.378681238703493,31.60829
32.0382,32.883003
30.753,30.494837
26.635465771363187,27.617058
20.251413109926474,22.272007
12.541047897314728,14.388271
7.6261,6.666818
4.0459,4.233629
4.0,4.018545
4.0,3.5819712
4.0,3.8061657
4.0,3.7908354
2.647004922446758,3.7709494
1.4541853382377585,3.3925447
1.463083373698046,2.6773653
2.2374840568420815,2.8099165
3.8847420330972238,3.346509
4.0,3.8156729
4.0,3.8969688
4.0,4.0509424
3.9701577530057435,5.447028
12.19655210178283,12.343666
20.028059597350623,20.458096
26.90787253481433,25.782396
32.13682934766772,30.225977
33.802694477318084,32.607586
32.91271284013279,32.02672
29.239104370031647,28.231266
23.407642148828764,23.875687
15.281634430901082,15.597395
7.5802,7.643923
4.0459,4.084873
4.0,3.9242582
4.0,3.679062
4.0,4.038574
2.1060186815782735,3.7269268
1.0624627657985055,3.121644
1.1815963615827751,2.576603
0.4678588255476548,2.8831377
0.7015801192828466,2.1830568
1.343960845750786,2.6679945
2.655397186572218,3.1715364
3.9829450591618674,3.712554
4.0,3.993763
6.295,6.524644
13.639,13.168781
21.9928,21.278168
29.1532,27.81781
34.0186,33.136612
35.9464,35.489105
34.6612,34.652527
29.336800000000004,29.231974
23.278,21.326962
14.9701,13.960578
7.4425,6.244883
4.0459,2.7688475
4.0,2.564085
4.0,2.4311914
4.0,2.3046427
0.0,2.495798
4.0,2.544938
4.0,2.6891289
4.0,3.006627
4.0,3.3115997
4.0,3.6444225
4.0,3.7409334
4.0,3.6961956
4.0,3.250513
6.295,4.9322963
13.6849,12.085725
22.1305,21.989552
29.2909,30.328762
34.1563,35.67134
35.9923,37.557106
34.6612,36.612976
30.3925,31.962059
23.5993,24.356405
15.2455,15.593054
7.396599999999999,7.594831
4.0459,3.9073048
4.0,3.227869
4.0,3.4020586
4.0,3.121749
4.0,3.148594
4.0,3.5185328
4.0,3.8707771
4.0,3.6520004
4.0,3.8638058
4.0,3.916524
4.0,3.795579
4.0,3.829773
4.0,4.0677414
6.2491,5.4159884
13.5931,12.745492
21.9928,21.877811
29.1991,29.943327
34.0186,35.783184
35.9005,37.49771
34.615300000000005,36.071327
30.3007,30.862434
23.5075,22.681425
15.1537,14.36974
7.3048,6.99655
4.0459,3.4187546
4.0,2.95714
4.0,2.5456734
4.0,3.5531588
4.0,3.8790684
4.0,3.895011
4.0,3.9921331
4.0,4.0567417
4.0,4.014018
4.0,3.9105234
3.8427082189928825,3.635991
3.1604672329023575,3.4834785
4.0,3.2082644
6.2032,5.52928
13.5013,11.966842
20.796460107586075,21.266502
27.961427284858793,29.530474
33.310323283381,35.23207
35.671,37.737217
34.294,37.220898
29.933500000000002,32.43662
23.1403,23.927807
14.8783,15.105909
7.1671,7.5521216
4.0,4.1451426
4.0,3.618311
4.0,3.9651127
4.0,3.8452625
4.0,3.626814
4.0,3.6486406
4.0,3.882165
4.0,4.0802345
4.0,4.188299
4.0,4.2301006
4.0,4.1244955
4.0,3.8498898
4.0,3.9028893
6.0655,3.9752817
13.1341,10.878921
19.30684684027943,20.11186
27.03397044178035,26.504036
31.681835893931428,31.703545
32.791341153319294,33.87702
30.67841122101813,32.590256
25.8327618333638,27.710117
18.88843687605808,20.244392
10.684533431305242,12.872599
3.706743031027795,5.7145667
1.0588888965600116,3.5536413
1.3690765279113712,3.17099
1.574232278996318,3.054347
1.325701238866321,3.1020947
1.2751883919945666,2.9281387
1.901330395485715,2.9558907
3.019321520069255,3.3547678
4.0,3.5847406
4.0,3.724226
4.0,3.7984915
4.0,3.821208
4.0,3.83924
4.0,3.6304684
6.0196000000000005,4.7856746
12.9964,12.230274
19.55314633500604,20.844673
28.2352,27.262306
32.962900000000005,32.21135
34.890699999999995,35.035362
32.19043422429522,34.306892
27.013372081422645,29.109158
20.378897296227706,21.904896
12.921590263078397,14.449725
6.9376,6.883313
4.0,3.8937607
4.0,3.7443466
4.0,3.6622896
4.0,3.6284332
4.0,3.7150536
4.0,3.8958273
4.0,4.1089087
4.0,4.117914
4.0,4.0634813
4.0,3.949152
4.0,3.9676352
4.0,3.6979103
1.8232782550678746,3.6824627
3.9258382198774786,4.95226
11.3625797625796,12.342397
18.32827393814405,20.253311
26.52121534361224,26.158741
30.53397253481434,31.202986
31.378689594256933,33.841217
29.713834222222225,32.658302
25.831977756710867,27.872995
19.5750286729571,22.064465
11.629415263692067,14.049363
3.974158447615599,6.2466483
4.0,3.3832722
4.0,2.8967314
4.0,3.6434155
4.0,3.6929169
4.0,3.902547
4.0,3.946229
4.0,3.9813805
4.0,3.979679
4.0,3.9570627
4.0,3.7867708
4.0,3.8522778
4.0,3.9611864
2.4575591350333976,3.661501
3.1090740662256007,3.8065338
10.613372534814342,10.888631
19.21204652778988,20.166523
25.53871421396086,26.664648
29.56483311317045,31.559708
31.33265452423236,34.39765
30.94917117026877,33.507378
28.8778,28.031212
22.2682,23.392786
14.1439,14.919355
6.754,6.690502
4.0,3.9238377
4.0,3.4421835
4.0,3.6968822
4.0,3.633233
3.879309226565164,3.4935627
4.0,3.3998194
4.0,3.477151
4.0,3.700492
4.0,3.771987
2.8115923549551347,3.7452269
4.0,3.1718502
4.0,3.6665049
4.0,3.3659315
5.836,5.1430435
12.6751,12.170313
20.8453,20.897507
27.8221,28.114792
32.458,33.540405
34.294,35.68541
33.0088,34.225094
28.786,28.87637
22.1764,21.12606
14.0521,13.441602
6.6622,6.4270334
4.0,3.4001198
4.0,3.7030087
4.0,3.6486158
4.0,3.1267061
0.0,2.250229
0.0,1.8933764
0.0,1.6491842
4.0,1.892086
4.0,2.1606913
4.0,2.1778097
4.0,2.3410025
4.0,2.2124138
4.0,2.2543077
5.836,3.6255512
12.9046,10.372083
21.3502,21.128338
28.5565,30.097326
33.3301,35.488544
35.1202,36.76156
33.789100000000005,34.80645
29.428600000000003,29.901134
22.5436,21.828518
14.2357,13.643698
6.7081,6.430289
3.0581774861730633,3.9066563
2.964450952395824,3.4110546
4.0,3.2477589
4.0,3.3378983
4.0,3.6763887
4.0,3.308546
4.0,3.939968
1.6323124647666472,3.8432608
1.3982390277965617,2.6608849
1.8147886039536267,2.8050308
2.2590743444470363,3.0825891
4.0,3.193509
1.189926882625329,3.6689491
2.533852625074635,3.0484562
9.717147880675457,9.770382
17.492430595509706,19.39003
24.95653661833705,27.332052
29.93521997854201,33.081215
31.91097253481434,35.85088
31.314635893931424,34.784683
27.65887024922089,30.32583
20.66128496697416,21.818304
12.905932698502284,13.037603
5.170306110071037,6.1064725
4.0,3.8992882
4.0,3.2298536
4.0,3.9208927
4.0,3.6890583
4.0,3.8466148
4.0,3.9912043
4.0,3.9576435
4.0,3.9123287
4.0,3.906927
4.0,3.954708
4.0,3.942299
3.7362713041574303,3.8375702
0.32232890009296256,3.3270807
2.0587704976556527,2.2866201
8.859728900092962,8.707415
16.78721834021066,17.96439
23.8221,24.53245
28.687843937699448,28.556385
31.391528821965615,32.501884
31.13961516690231,32.21295
27.546284966974163,28.584835
21.325382809347825,21.89613
13.8685,13.640704
6.4786,6.5713468
3.109815695029681,4.028208
2.777443518626665,3.5282583
1.8222161092601432,3.3282166
1.4462914666136015,2.9623537
1.3642348394728518,2.9147177
1.3719839454756855,3.1694183
1.4001903882378084,3.256177
1.709754705569651,3.3661842
1.697287179004645,3.5485392
2.2454308971014836,3.5184946
3.7671581298899195,3.675582
4.0,3.8068933
4.0,3.9189367
5.6065000000000005,4.6830325
12.3079,10.46875
18.732407300730014,19.637291
24.55766288048513,27.080364
28.688291493647455,32.1501
30.56028199916731,34.702633
29.397141214348814,33.768745
25.508596130725667,28.619308
19.42617253481434,21.561295
11.653334470869812,13.094255
3.703879785808512,6.1951222
2.3380475827244727,3.6105347
1.9651796733440001,3.4164276
1.97824965079365,3.3630915
1.6241206252635312,3.4077787
1.8232782550678746,3.3597994
3.7550624230034924,3.4509144
4.0,3.7700987
4.0,4.02621
4.0,4.113757
4.0,3.5743608
4.0,3.7885275
4.0,3.7117949
4.0,3.6336155
5.5147,4.944478
11.9866,11.526
17.241509963423944,19.574621
23.616666407120128,25.121971
27.801427445027514,30.055492
29.468769112194543,32.125618
28.08764900071374,30.886139
23.81309671663731,25.995758
17.284753125462395,19.356014
10.080595752103443,12.00424
6.295,5.735581
4.0,3.9228172
2.512733810331415,3.6602898
1.6765720814226466,3.336133
2.048423787858045,3.0533228
2.3507185808621127,3.323657
2.7579905191242347,3.4809647
2.386546697520302,3.5414486
1.7767444749854384,3.522438
0.8440111145377056,3.150384
0.25207815628619024,2.4956264
0.11292135240595336,1.771369
0.06394817247411133,1.4990873
0.28964869581179187,1.441761
1.5958825337501406,3.3958664
8.380155730675353,8.7681265
16.453778422509153,17.990133
23.088741474731385,24.316856
27.404496794488644,29.4394
29.20019884336449,31.819304
28.116039356178412,30.942648
24.7324007447312,27.022165
20.059485920669413,21.208916
13.1341,13.056464
6.2032,5.8443794
1.36713925030333,3.8266535
1.2384184144824815,3.0669584
0.6960844759950717,2.9525833
0.2715824906983997,2.5094948
0.2086710159524685,2.0596914
0.43548047998821815,2.0443096
0.5645492207357137,2.5180597
1.0993189819429965,2.6479673
1.7139175396499748,3.154272
2.685439595587125,3.4779892
3.2985528293362965,3.6962671
3.6640831121531097,3.8135939
1.5752451677345327,3.8401108
3.0504723581721827,3.2948332
9.552653558320802,9.274725
15.578148172474112,18.167917
22.37465134381817,23.328197
27.36591310992648,28.483522
29.236751699171002,30.930553
27.98231257683968,30.114641
23.87898915359432,25.80375
17.369444630760647,19.45469
9.917588594960009,11.898749
5.523886049740587,5.330029
4.0,3.7708397
4.0,3.7886915
3.626834227006553,3.7540646
1.5018382224783657,3.590685
0.6403311924818897,3.0387402
0.23814014501048142,2.4921122
0.179692807580361,2.0960045
0.16957204446921104,2.037284
0.08253765079365039,1.9382744
0.12708244127014723,1.7488556
0.3812975257517284,1.7736492
1.2412353818974946,2.235797
4.0,2.827199
5.377000000000001,5.040991
11.6194,9.871564
16.771179715382623,18.876965
22.73773393780197,24.573673
26.90647462830472,29.413942
28.652367008614796,30.848557
27.409270470799548,29.682123
23.275345838435943,25.259956
16.79013765079365,18.637772
9.098570857453868,11.099292
5.441596415378802,4.832428
4.0,3.7566776
4.0,3.5363674
4.0,3.690425
4.0,3.8013334
4.0,3.7855682
4.0,3.7727528
4.0,3.8536892
4.0,3.9374962
4.0,4.0986814
4.0,4.0710773
4.0,4.0583143
4.0,3.984541
4.0,3.7570238
5.285200000000001,4.5882077
11.344,9.29544
19.0552,17.922024
25.8025,25.262234
30.29491362554228,30.458202
30.238747270776692,33.140907
28.08671193895495,31.55806
23.33962728123429,26.49237
16.681449553367212,19.376385
10.063248136467443,12.034719
6.0196000000000005,5.6455336
4.0,3.9990273
4.0,2.8908567
4.0,3.1652508
4.0,3.4366379
4.0,3.93149
4.0,4.0073843
4.0,4.0652237
4.0,4.0697174
4.0,3.9263086
4.0,3.777957
4.0,3.5848713
4.0,3.219576
4.0,3.0663347
5.2393,3.9111032
11.344,9.005982
16.98303616159993,18.204853
23.14498181102444,24.553722
27.35514112843472,29.568956
29.016384475995075,31.241226
27.72491993603392,29.894217
23.49623907908201,25.658394
16.98425789034153,18.960432
9.368833312027572,11.752915
3.6502720814226457,5.3811083
0.11243957521471692,3.5584536
0.08118203203870067,1.6906738
0.21538168767699695,1.5570879
0.966427187599086,1.8859291
4.0,2.78547
4.0,3.7254734
4.0,3.932191
4.0,4.1041985
4.0,4.1068335
4.0,4.0398417
4.0,3.8772993
4.0,3.785263
3.7927361340246044,3.8426294
5.1934000000000005,4.395245
11.1604,10.199724
16.440619978542006,18.951178
22.90547061534992,23.979887
26.99448020814529,29.007544
28.33505367946853,31.18543
26.971158701829665,29.65864
22.96108255073052,24.844597
16.440263936507936,18.8124
8.87542426152814,11.342786
3.943569151830511,5.4334235
2.005567486256572,3.473442
0.5506174103462325,3.3420343
0.0,2.2222538
0.08983831673653597,1.2594318
0.8307305955097082,1.6902056
1.9793397367350973,2.8099499
2.0849151669023076,3.3918867
1.0057288219656133,3.4868622
0.5711846554680307,2.7483616
0.1764812387034933,2.2989445
0.02592309237714474,1.5407782
0.06394817247411133,1.1909027
0.7628957521034447,1.450882
3.615593770539336,3.9720068
11.0686,9.486118
17.78517849955363,18.849285
23.975953586305256,24.558746
27.483883189144134,29.637457
31.029853651937614,32.06021
31.1269,31.93366
27.1795,26.565632
20.7076,19.949533
12.8128,11.8916445
5.9278,4.8702984
4.0,3.1743402
4.0,3.4607115
4.0,3.2617416
4.0,3.6221647
4.0,3.7190237
4.0,3.7774887
4.0,3.894349
4.0,3.9101362
4.0,3.8448734
4.0,3.9423914
4.0,4.0190983
3.8427082189928825,4.130434
1.9826123224089098,3.6835842
3.083375742431574,3.9296885
9.901376845594518,9.529886
15.634526133142494,18.592226
22.89709511591964,25.28796
29.231942881935254,31.200039
32.5039,34.35307
31.310500000000005,33.404587
27.1795,27.926807
20.6617,20.84012
12.7669,12.799343
5.9278,6.355781
3.91874854006676,3.731885
4.0,3.5481768
3.2433438581961465,3.4916153
2.11158461013731,3.4825
2.943339111354847,3.368246
0.9508439953595449,3.568614
0.028626702239842317,2.7468672
0.022486773601627874,1.6179094
0.992573733409035,1.6981974
0.35467315228650875,3.2144241
0.01797534449098137,2.2302618
0.0,1.233428
0.7896526250746358,1.6357279
1.3290746621216112,4.5342984
6.981414513615862,8.488961
14.6421,16.72955
21.2976,22.706753
25.9335,27.268047
28.088774662121608,31.365993
28.083103974605617,32.045193
26.054405967936063,28.511019
19.8814,20.720713
12.3538,11.861674
4.570948181166948,5.9011393
0.43207611985799943,3.7669487
0.5711846554680307,2.5386953
1.7599197687295085,2.9635935
2.4809894937677655,3.3951788
1.881986345544533,3.5752716
0.8315588098717406,3.5453482
0.5897380478338405,3.0605116
0.8019081486439905,2.9253817
0.6403311924818897,3.164381
0.32232890009296256,2.9283142
0.658758140215852,2.4894896
0.642625983829733,2.951188
1.4070260867102249,2.9132376
3.181791052755379,4.306084
8.293285338237759,8.876514
15.123590193137217,16.82505
21.9777244347494,24.092918
29.43754932385624,29.748947
31.7695,32.613113
30.667900000000003,31.732569
26.628700000000002,26.365456
20.2027,19.654282
12.4915,11.703238
5.790099999999999,5.4217706
4.0,3.8402586
4.0,3.5978136
4.0,3.6135263
4.0,3.5671787
4.0,3.8684387
4.0,4.0788183
4.0,4.094019
2.2636289376342518,3.984562
1.3613328468223447,3.4260483
0.9233379204510062,3.04803
1.7515264198753417,2.7373972
3.45814932385624,3.3080206
4.0,3.9220142
4.9639,4.7892103
10.6555,9.263712
15.426450826190395,18.085127
22.3514806441217,24.71252
28.213199775088377,30.69355
31.54,33.80046
30.3925,33.19974
26.3074,27.982962
19.5601,20.723381
12.0325,12.467123
5.698299999999999,6.2128487
2.332294413294159,3.8435726
4.0,3.4424095
4.0,3.6088867
4.0,3.6090088
2.6123304197080106,3.8529987
0.5273901931372169,3.602315
0.43548047998821815,2.2112694
0.3578905235509531,2.3047848
0.6197918340080815,2.6482306
1.5904674503133993,2.9631147
3.450307856480821,3.603693
4.0,4.103361
1.27992678038264,4.3377023
1.945774282469694,3.6612434
7.049055730675353,7.3921943
14.149651257320151,16.044313
21.05117898008476,22.956718
26.18869119986688,29.175533
28.705814213960863,32.542442
28.726347887164906,31.970997
25.780183243009564,27.590448
19.2847,19.90608
11.8948,11.2879505
5.6524,5.525999
4.0,4.0283937
4.0,3.94847
4.0,3.9594145
4.0,3.833663
4.0,3.8532677
4.0,3.9455452
4.0,4.0588703
4.0,4.1062994
4.0,4.137601
4.0,4.1461573
4.0,4.1273346
4.0,4.1437683
4.0,4.272505
4.918,5.1367993
10.5637,9.196928
14.98883062249144,17.831226
22.665732302167864,24.334126
28.059922222222227,30.721277
29.798541969918723,34.05916
28.636219350149574,33.47551
24.80491803047483,28.659462
18.72503227065637,21.291393
11.616758559853402,12.44578
5.698299999999999,6.1783347
3.6707469704348004,3.9603596
4.0,3.624464
4.0,3.5289402
4.0,3.7856169
4.0,3.9389372
4.0,3.999034
4.0,4.035633
4.0,4.098505
4.0,4.127823
4.0,4.135025
4.0,4.1230707
3.2331058300038773,4.102331
4.0,3.7462454
4.8721,5.4239483
10.6096,10.204317
17.427391045072,18.885696
22.857622427950226,25.058052
27.90303331697804,30.073364
31.8613,32.744644
30.632548540066765,31.826149
26.40796662919518,27.3782
20.1109,20.80341
12.3538,12.3811655
5.698299999999999,6.176384
4.0,4.07211
2.6950768455945173,3.6890326
4.0,3.5231352
4.0,3.6907778
4.0,3.8209114
4.0,3.8574438
4.0,3.897314
4.0,3.9477167
4.0,4.0448656
4.0,4.136012
4.0,4.1417694
4.0,4.0803833
4.0,4.14839
4.681096494343733,4.840461
10.016620691706366,9.166549
16.2772827539391,17.802006
22.050837004289747,24.852057
27.599023054388404,29.666681
31.013081883589443,32.66051
30.417410148430307,31.795053
26.499766629195182,27.389668
20.1568,20.626549
11.821109737854858,11.906792
5.698299999999999,5.9799266
2.518627304230396,3.993371
2.391182550898721,3.667323
3.7711927689848963,3.5786295
3.9829450591618674,3.69028
4.0,3.7442102
4.0,3.8100815
4.0,3.907627
4.0,4.027093
4.0,4.0723085
4.0,4.1178694
4.0,4.1331873
4.0,4.149521
4.0,4.244481
4.7803,4.634109
10.426,9.123792
17.435752829336295,17.680737
21.889608210840816,25.220842
27.02765541816025,29.711027
30.23279902605998,32.66294
29.42748405532413,31.863386
25.591310953384543,27.559568
18.91087797511376,20.651642
11.026064747235871,11.740002
5.6524,5.863993
4.0,4.0145464
4.0,3.8333454
4.0,3.7708778
4.0,3.876398
4.0,3.909727
4.0,3.8536844
4.0,3.8695173
3.536892634069199,3.9597416
3.3049924551002707,3.9889574
3.206281278045104,4.01105
2.518627304230396,3.9522133
2.2272794486042073,3.5964231
1.5348831323225163,3.3978586
3.4669262452004173,3.4501047
10.1965,8.43635
16.628715377098136,16.781067
20.918983703856533,24.38926
25.6210595539706,28.693169
28.45272678038264,31.630222
28.221873953711103,31.10237
24.4332314272083,27.05699
17.315784639690115,20.121435
10.145596651184814,11.38678
3.980313393002609,5.610847
1.463083373698046,3.886897
1.8073712395549553,3.5224123
2.4295398133477697,3.5350618
3.25231040970859,3.590105
3.2318264599813187,3.691473
2.477470441780353,3.7572975
2.1641293476677195,3.7523565
1.617984639690114,3.7075586
1.0732092372733373,3.4520464
1.3180366183370555,3.11792
1.3142099634239433,3.2327986
2.0484234595152166,3.1147242
1.7599197687295085,3.4711876
4.2253926340692,3.6358871
10.0588,8.371653
17.202614363112488,16.36184
21.27738051336279,23.739407
26.422526086710224,28.425491
28.34349038823781,31.342024
26.66912077870427,30.763508
22.375790193137217,26.195889
15.95193526244104,18.876217
8.629991493647458,10.70681
4.0216693988711025,5.3116546
0.43548047998821815,3.860033
3.0493902222222236,2.6361036
3.543481951985621,3.5888968
3.121189665664639,3.6937323
3.2985528293362965,3.705266
4.0,3.752161
4.0,3.9140348
4.0,4.097582
4.0,4.018981
4.0,3.8278522
4.0,3.6686077
4.0,3.4533434
4.0,3.2942114
4.6885,3.7264652
10.0129,7.003053
17.586399999999998,15.779885
24.308695266445923,23.952074
29.107300000000002,29.180103
31.0351,32.06952
29.8876,30.817472
25.8943,26.207695
19.5142,19.311193
11.9407,11.863977
5.560600000000001,6.089195
4.0,4.1520615
4.0,3.987831
4.0,3.8608332
4.0,3.9107475
4.0,4.0218296
4.0,4.062091
4.0,4.072199
4.0,3.9419327
4.0,4.000697
4.0,3.8864431
4.0,3.7558432
4.0,3.7861538
4.0,3.6807604
4.6426,4.266304
9.8293,8.454556
17.4028,17.58823
22.765270441780352,25.338531
29.1991,30.601727
31.310500000000005,33.42086
30.1171,31.768057
25.9861,27.125877
19.5142,20.28818
11.8948,12.004406
5.560600000000001,5.9939756
4.0,3.7526932
4.0,3.6340914
4.0,3.5631886
4.0,3.5105553
4.0,3.785922
4.0,3.9859533
4.0,4.0424795
4.0,4.069398
4.0,3.993925
4.0,3.881796
4.0,3.9047527
4.0,3.9914713
4.0,4.0496655
4.5967,5.2251973
9.8293,10.150195
17.4028,18.581348
21.864996737699105,25.181808
27.478799026059978,29.761278
30.989200000000004,32.924805
29.933500000000002,31.438477
25.9861,26.731861
19.6519,20.598167
12.0325,12.476196
5.560600000000001,6.2171755
4.0,3.9955645
4.0,3.7330608
4.0,3.7337294
4.0,3.8067064
4.0,3.9196215
4.0,3.9939547
4.0,3.9542236
4.0,3.9955978
3.6401229634817636,4.0176983
2.423715343612235,3.9001217
4.0,3.4627275
4.0,3.922492
4.0,4.0351744
4.5967,4.8253045
8.202458355239227,9.029493
13.70388481538183,16.76005
20.245436810979395,23.18432
25.13337851129624,28.070732
27.974780040849282,31.165268
28.598891932453746,30.973318
25.464380680628786,26.813725
19.334733421376484,20.347523
11.674728884583429,11.377263
5.097492634069199,5.7234473
2.6386214320648502,3.8389826
1.6230967376991021,3.5802002
2.061669151830511,3.375843
2.263628237062836,3.5379992
2.685439595587125,3.570362
2.64700414690404,3.669756
1.4888839515174546,3.7448807
1.0277742824696947,3.367446
1.1788232893760213,2.7799578
0.8893112210181275,2.8570824
0.2662244303691512,2.5685883
0.04994583843594391,1.7752066
0.6641624928499716,2.2511234
1.240619936033914,3.7422705
6.845862765798506,7.202162
14.60025051627044,15.208132
20.63807886168476,22.95644
25.60890301407416,27.844545
27.584351699171002,31.024002
26.954633409289023,30.44709
23.667350528951538,26.494131
17.533097296227705,19.95012
9.721998312713303,10.787832
5.39248534150218,5.3935485
4.0,4.0560637
3.0808147144319573,3.8685312
2.903732713244267,3.6900043
2.617104370031642,3.7823849
2.1506739537111006,3.7685356
1.7128763673057659,3.6188555
1.4344756807136232,3.4142475
1.2459334633409593,3.2779388
1.4226905314578833,3.1300306
1.08398919578379,3.2098827
0.9742478973147275,2.8287334
1.026889735319367,2.6295958
0.9838338326959235,3.3984795
1.0555174103462317,3.1424522
5.54489674248874,6.5148964
13.0356,13.873082
19.890162076235388,20.576488
24.738879870159845,26.270119
26.66075493838413,29.264645
25.55729671663731,27.23881
21.6189,23.259361
15.337658024485457,16.374762
7.931890478279199,9.264733
2.5735885949600092,4.749214
4.0,3.6977253
1.8916503744904052,3.7215815
1.026889735319367,3.534235
1.3180366183370555,3.147295
0.8682476134368482,3.2438107
0.4341177681033219,2.9405632
0.21594332603886635,2.5647926
0.10006862239274916,2.2978306
0.1038429934437648,2.0666666
0.2733746621216113,2.292079
0.5830383300812816,2.5026054
1.2150286729571,2.7541275
2.208047110536169,3.1368723
2.6332391841440153,3.7701254
6.985219978542007,6.753009
14.378184639690112,14.75308
19.993659672335298,21.889809
25.311707085427607,26.819519
28.102778358372184,29.488033
27.1323535583208,29.334751
23.90331254087777,25.467999
18.914882618348987,18.975906
11.60116199167801,11.291371
5.5147,5.584084
2.9297042030511964,4.0714445
2.570677965630207,3.7342205
4.0,3.6515503
4.0,3.802947
4.0,3.8998938
4.0,3.9780235
4.0,4.0430975
4.0,4.1640167
4.0,4.1832094
4.0,4.254692
4.0,4.3159356
3.873880411305409,4.3185735
2.782313288848096,4.0601244
2.340986656401629,3.9934149
6.905972017782349,6.472949
12.79614641921522,15.024878
19.30407851129624,21.60873
24.05686906043314,26.91606
26.59311365699113,29.538918
26.700348121791738,29.19468
23.425939184144013,25.75532
17.908634010938783,19.250273
11.513505618646027,11.686341
5.5147,5.563078
4.0,3.8964405
4.0,3.5410938
4.0,3.8066597
4.0,3.773799
3.1604672329023575,3.7522898
2.8054840553241274,3.5185547
4.0,3.511876
4.0,3.7925787
4.0,3.949256
4.0,3.9555235
4.0,3.9339628
4.0,3.9248562
4.0,4.0057306
2.8054417010766013,4.272401
6.774522732807248,7.191764
12.998559553970596,15.803111
19.73497466212161,22.469282
24.790937949191544,28.13977
27.869719978542008,31.567026
27.743782862859923,31.747337
23.62291887792088,27.740564
16.826622732807248,20.703674
9.811852777054035,11.669577
5.5147,5.390135
4.0,3.6656313
4.0,3.5170012
4.0,3.5537968
4.0,3.6984167
4.0,3.801752
4.0,3.8424635
4.0,3.8223858
4.0,3.85849
4.0,4.063409
4.0,3.4097977
4.0,3.8947172
4.0,4.123048
2.9198004606883288,3.784377
3.8777884699636704,3.8641233
9.1408,7.9735394
15.194352864509124,16.74127
20.222924027451104,23.36395
25.516528509883653,28.562096
29.33931347591985,31.731638
29.107300000000002,31.36872
25.3435,26.985245
19.2388,20.499393
11.803,11.7459135
5.5147,5.425292
4.0,3.6120224
4.0,3.4754744
4.0,3.338088
4.0,3.5081978
4.0,3.6194038
4.0,3.5679588
4.0,3.5102167
4.0,3.1016855
4.0,2.9631977
4.0,2.6253366
4.0,2.3983822
4.0,2.3192835
4.0,2.7508678
4.3671999999999995,3.3595505
9.049,6.6324763
16.4389,16.286947
23.2321,25.13956
28.0516,30.732567
30.163000000000004,33.129868
29.336800000000004,31.080141
25.527100000000004,26.314697
19.3765,18.947773
11.8948,11.269511
5.560600000000001,5.2081323
4.0,3.3746576
4.0,3.1576529
4.0,3.126155
4.0,3.3248682
4.0,3.5096502
4.0,3.7181664
4.0,3.876484
4.0,3.7848158
4.0,3.6304483
4.0,3.484315
4.0,3.162856
4.0,2.867179
4.0,2.8025064
4.3671999999999995,3.7772913
9.2326,8.218199
16.8979,17.125362
23.9665,25.310268
28.8778,30.670002
31.0351,33.61194
30.1171,31.675964
26.2615,26.931435
19.9273,20.2642
12.1702,11.728297
5.6065000000000005,5.5373187
4.0,3.9293432
4.0,3.7361498
4.0,3.7441044
4.0,3.5902233
4.0,3.8187437
4.0,3.9160442
4.0,3.9308968
4.0,3.931055
4.0,4.058053
4.0,4.0149527
4.0,3.9993725
4.0,3.4382076
4.0,3.1714268
4.3671999999999995,3.66755
9.0031,7.176244
16.4848,16.69485
22.874086049740587,24.76988
28.3729,29.70879
30.5302,33.397366
29.6122,31.591791
25.8025,26.49579
19.606,19.766796
12.0784,11.983763
5.6065000000000005,6.1228194
4.0,3.9382048
4.0,3.731904
4.0,3.7361622
4.0,3.80202
4.0,3.868701
4.0,3.9223976
4.0,3.9447803
4.0,4.010417
3.8657400786958807,4.049156
2.761634010938783,3.9438715
1.8073712395549553,3.6289015
3.2164919030447088,3.1122131
4.0,3.5333033
4.3213,3.9664154
9.049,6.9497175
13.624429783825914,16.11104
19.737,23.548504
24.6483,27.177391
26.7597,30.08951
25.89836700861479,30.022247
22.167738316736536,25.97921
15.902487550791257,19.15372
8.29548111781371,10.2927475
1.8377502205222402,5.122666
3.225433692449826,3.2577686
4.0,3.5697508
3.182075135332644,3.6639423
2.257936538037608,3.5984364
3.0343442661823072,3.394827
4.0,3.7003794
4.0,3.845909
4.0,4.025318
4.0,3.8715591
4.0,3.6807528
4.0,3.4160872
4.0,3.2535305
4.0,3.0469904
4.3213,3.3093405
8.7736,6.1164317
16.1176,14.242586
22.9567,22.474302
27.7762,27.658722
29.658100000000005,29.642744
28.2352,28.00367
24.9763,23.334663
17.311,17.45517
10.0588,10.279644
3.194696035749578,4.9876275
4.0,2.941039
4.0,1.9083843
4.0,2.7105732
4.0,2.5654802
0.35082296993465967,3.4137745
0.009917953253957279,1.5151596
4.0,1.4998827
4.0,3.5264807
4.0,3.5132627
4.0,3.2103558
4.0,3.1024342
4.0,3.16576
0.1528540767699944,2.9818802
1.2557448507745033,3.3048964
5.536649409042616,7.5358586
12.1176,15.1822405
18.8649,20.406563
23.6844,26.211657
25.7958,29.062445
24.8319,28.097385
21.3894,23.324566
15.160911688093387,18.003317
8.21682724731988,9.991582
4.993935289945673,5.090414
4.0,3.8430748
4.0,3.6900253
4.0,3.6758432
4.0,3.8117456
4.0,3.9725504
4.0,4.12432
4.0,4.186619
4.0,4.0989017
4.0,4.093343
4.0,3.7995434
4.0,3.7060766
4.0,3.7342129
4.0,3.8911
4.275399999999999,4.5921187
8.681799999999999,7.4998016
16.209400000000002,16.202034
23.2321,23.722843
28.2352,29.331633
30.576100000000004,32.341393
29.933500000000002,31.58009
26.2615,26.945171
20.065,20.12307
12.3538,11.989496
5.6524,5.665729
4.0,3.6243973
4.0,3.539482
4.0,3.488597
4.0,3.7267752
4.0,3.85357
4.0,3.8581276
4.0,3.7810726
4.0,3.6308222
4.0,3.5505772
4.0,3.2923164
4.0,3.0308475
4.0,2.9797764
4.0,3.0329065
4.275399999999999,4.0963984
8.7736,6.9089603
16.393,15.539445
23.5075,23.133026
28.5565,28.311882
30.8515,31.156021
30.071200000000005,30.360464
26.3074,26.328545
20.065,20.007584
12.3538,11.8966255
5.698299999999999,6.122576
4.0,4.15213
4.0,3.9648714
4.0,3.898862
4.0,3.9038858
4.0,3.960618
4.0,4.0085945
4.0,4.05863
4.0,4.035556
4.0,4.024583
4.0,4.0778856
4.0,3.981739
4.0,3.8433723
4.0,3.6408825
4.2295,3.7507524
8.727699999999999,6.9077225
16.347099999999998,16.08686
21.935873752796347,24.068903
28.11753040618344,28.646366
30.7138,32.040306
29.8876,31.202477
26.123799999999996,26.895699
19.8814,20.369692
12.2161,12.117351
5.6524,6.0644603
4.0,4.009368
4.0,3.735015
4.0,3.607544
4.0,3.4269257
4.0,3.293066
4.0,3.1686735
4.0,3.492299
4.0,3.5835514
4.0,3.3115873
4.0,3.3173342
4.0,3.2248201
4.0,3.0926905
4.0,2.7900133
4.2295,3.2380304
8.6359,5.7120166
16.2553,15.068375
23.4157,23.452229
28.602400000000003,29.207932
30.9433,31.401741
30.254800000000003,29.781178
26.5369,25.549883
20.2486,18.946892
12.4915,11.503277
5.7442,4.901867
0.0,2.39332
0.0,1.5641832
0.0,1.1720476
0.0,1.1366549
0.0,1.2866659
0.0,1.3717861
0.0,1.7447176
0.0,1.9664726
0.0,2.1337729
4.0,2.2308712
4.0,2.3764372
4.0,2.5437765
4.0,2.6778088
4.2295,3.1985044
4.544100000000001,5.9981685
16.1635,14.306213
23.278,22.015083
28.327000000000005,28.619516
30.622,31.37466
29.8876,30.875223
26.1697,26.805386
20.0191,20.087593
12.3997,11.939797
5.7442,6.241268
4.0,3.9819899
4.0,3.859476
4.0,3.782792
4.0,3.833644
4.0,3.9022074
4.0,3.9396677
4.0,3.9135284
4.0,3.8646612
4.0,3.856884
4.0,3.8461504
4.0,3.7774334
4.0,3.6315575
4.0,3.7812624
4.1836,4.242379
8.452300000000001,6.5702024
14.883631889472817,14.582762
19.60815864234768,22.145668
24.463479870159844,26.826185
26.98717466212161,29.67405
26.27487383730348,29.27615
22.693091163543983,25.254759
16.55539356850794,18.955456
9.125899368759574,10.731546
3.597471239554956,5.556425
3.094674251819219,3.9940033
1.901330395485715,3.8104868
1.7462873102544627,3.5050812
1.589450528951538,3.454133
1.9207383087200185,3.39357
2.145075337922533,3.6024446
3.2024562269130836,3.7155437
3.109815695029681,3.7983398
2.28644364182912,3.8901472
2.277309094748924,3.7285357
4.0,3.7132273
4.0,3.9693832
3.8847420330972238,4.162528
4.1836,4.103853
8.268699999999999,6.4857335
15.1537,14.79081
18.62089356850794,21.325184
24.76504919004512,26.030499
26.75039052355095,30.751328
25.97204645095312,30.05509
22.33715967780108,25.641438
16.306314176420862,18.613745
8.76807848225302,10.656558
2.917546966572848,5.1748996
2.332294413294159,3.8498764
2.1866154399209563,3.6855183
1.6600588642064764,3.642189
1.1047456507936513,3.588399
0.5252281103275003,3.2123451
0.6921671999068248,2.516077
1.574232278996318,2.9733896
2.1060186815782735,3.5787268
1.68484812179174,3.8071184
1.2122312664382289,3.5218124
0.28964869581179187,2.7123642
0.15079365079365026,1.0310888
0.0,0.7847719
0.3200798701598462,0.26272392
3.580991493647458,2.446044
7.976465067941935,7.764508
12.852,13.876497
19.737,21.747475
26.163,24.390625
25.58869745820726,25.887032
22.17512583027766,22.95214
16.326511013005693,17.216602
8.992408640328074,10.049437
4.173171829638099,4.863429
0.8315588098717406,3.7855558
1.9174983873990907,2.842435
1.9826123224089098,3.4397383
1.881986345544533,3.4158583
3.564590326425602,3.3767214
4.0,3.69973
3.93101455464436,3.8480186
3.064460073084007,3.8883467
3.054410953384549,3.678648
3.7550624230034924,3.7309637
4.0,3.862526
4.0,3.887679
4.0,3.784603
4.137700000000001,4.591875
7.3507,4.6563096
13.5472,9.450135
17.618070501879448,20.210238
24.010223028564084,23.976166
26.499313097036413,28.161083
25.9335,27.292953
22.311286222222225,23.85412
16.786481495202274,17.9109
11.147827304230397,11.044425
5.881899999999999,5.5348573
4.0,3.980877
2.1956307835352717,3.6949263
1.1862217593651376,3.2197847
1.1815961307256657,2.784484
1.7515264198753417,2.8961143
1.7232952432249018,3.2531452
1.4344756807136232,3.23252
0.33997910655871166,3.0760832
0.12068935654564328,2.1772623
0.0353032529165187,1.8019676
0.0,1.5266647
0.18237987015984558,1.4711876
0.3812975257517284,1.7318192
1.376118414482482,2.9840078
7.4165946712975295,6.0449963
15.5209,13.9563875
20.78886915183051,20.586151
27.57300821899288,25.514029
29.832941211573136,28.84656
28.51760288339306,28.6409
24.1578314272083,24.737349
17.520348121791738,18.46846
10.062851225992238,11.339605
5.512082618348986,5.3791847
4.0,3.8548536
4.0,3.726303
3.6760826183489854,3.6775007
2.7543477736107214,3.6484184
2.875372540592023,3.624425
4.0,3.6875515
4.0,3.843278
4.0,3.9772978
4.0,3.9810905
4.0,3.9536457
4.0,3.911872
3.5553492462406666,3.4594126
2.8128153770981363,3.1746798
3.3580226149505563,3.0893488
7.325524130478191,5.3976007
13.60154174141734,13.77824
18.01783036563197,20.050264
23.022253125462395,24.159992
25.5115904782792,26.70595
25.103392729866083,26.148983
21.77917815628619,24.238276
16.223084655468032,17.903662
10.203689140614516,10.59102
5.836,5.3465123
4.0,3.798895
4.0,3.7344923
4.0,3.7787914
4.0,3.8726788
4.0,3.8990555
4.0,3.9408712
4.0,4.0189314
4.0,4.0310535
4.0,4.00389
4.0,3.8953772
4.0,3.752287
4.0,3.79677
2.0671959906134045,3.7727585
1.679622732807248,3.3266325
7.57685812988992,5.648947
14.908763397632152,13.539263
18.933656893863084,20.977455
23.85979936875957,26.052458
26.55305689386308,29.453077
26.63871526369207,29.234388
23.76913830872002,25.83963
18.36733528575765,19.4005
10.956458355239226,11.977444
5.711106336523366,5.9128423
4.0,4.002142
4.0,3.764635
4.0,3.631031
4.0,3.731101
4.0,3.8093023
4.0,3.7524118
3.7282267598056436,3.8277159
2.772576109783964,3.164978
1.1964188003536016,2.4604597
0.38589760398222417,1.4885311
0.146692524405708,1.4520521
0.27098565079365144,0.8510208
0.0,1.0836573
0.09179999999999922,0.5071945
3.855600000000001,1.6651859
11.214613097036407,11.005305
18.2223,18.981495
23.437626702239843,23.709051
26.00052135240595,26.514978
25.6412360770216,26.33308
22.52547765079365,23.114563
17.317160845750788,17.352066
11.049052101782827,10.455821
5.9737,5.113803
4.0,3.8312988
3.8548964943437323,3.6708927
2.355331427208302,3.5731697
2.9607214148686065,3.296669
4.0,3.5633507
4.0,3.8434982
4.0,3.7645464
4.0,3.434187
4.0,3.7707148
4.0,3.8202477
4.0,3.2362823
4.0,3.3663044
4.0,3.9011612
1.6660322789963171,3.8516626
4.651505454599883,4.0591354
10.403689384482789,12.128203
10.681934839472852,17.12398
10.66444932385624,18.807789
19.147,19.1515
18.3667,23.087084
10.3801,19.080105
8.268699999999999,12.470529
7.9015,8.169787
5.1475,5.0069304
4.0,4.2620773
4.0,3.5927925
4.0,3.787531
4.0,3.7219
4.0,3.6951752
3.966520812841285,3.667511
4.0,3.4426823
4.0,3.4462824
3.302415798166198,3.2948036
3.6760826183489854,2.7829237
4.0,2.9046774
4.0,3.428978
4.0,4.1803684
4.091800000000001,3.6230364
6.1114,5.36679
10.7473,7.301595
15.44517656126011,14.385977
19.57582728123429,19.993948
21.697248121791738,22.863752
19.29044526370837,23.200638
17.895726780382642,18.501732
11.802806263214894,13.294794
7.44123646119752,6.381707
3.077075658015046,4.5436015
4.0,3.492013
0.32420733301627536,3.8586397
1.36713925030333,1.8162146
2.5280650408168963,2.8063726
4.0,3.5404978
4.0,3.8117847
4.0,4.0824623
4.0,4.1915703
4.0,4.2421045
4.0,4.2929096
4.0,4.2228165
4.0,4.0956306
3.3709093816159363,4.1475487
2.4841417010766023,4.1449947
7.258900000000001,6.518184
13.4554,12.690096
18.321762384993573,20.62505
23.889366792724687,26.169113
26.07328624404728,29.376148
26.07297565801504,28.750322
23.46766447849012,25.658493
18.52896750901957,19.783234
12.392296494343732,11.541218
5.8488063365233645,5.6224065
4.0,4.0450497
3.3670195812495045,3.7280655
3.6401229634817636,3.6693287
3.891534568903575,3.7070208
4.0,3.7721052
4.0,3.8563662
4.0,3.9657326
4.0,4.0660906
4.0,4.110999
3.4948242785268615,4.083647
3.471233854428034,3.8691282
3.2433438581961465,3.804741
3.083332698502284,3.7458258
2.730421432064851,3.9119205
5.739912840132794,6.2275753
11.923981991842192,13.463274
17.939451653094686,19.903763
23.128212930138275,24.293213
25.54288677360163,27.206188
24.9696,26.869778
21.6189,23.230808
15.7896,16.815292
8.787527504255708,9.362861
2.2240539903576657,4.2281923
0.9664268214277119,2.741579
1.5975869493131203,3.002921
1.9957182444885575,3.0892057
1.2159617363017432,3.1462898
2.137246527789877,2.4770784
1.6879552737311112,3.039299
2.782313288848096,2.855832
4.0,3.4090137
2.246566008175906,3.9505367
0.08118203203870067,2.6993752
0.3760595539705953,0.8132858
4.0,1.5050173
4.0,3.6692095
4.0459,4.2723656
4.014425093075877,4.281805
7.7179,5.257445
8.9113,10.448303
13.7767,13.947764
14.5111,17.314941
13.639,15.764393
10.1506,13.733029
8.268699999999999,10.105938
5.790099999999999,7.144324
4.6885,3.5340538
4.0,2.366372
4.0,2.2803202
4.0,2.434533
4.0,3.448717
4.0,2.6736984
4.0,2.7469606
4.0,3.7218485
4.0,3.9173183
3.536892634069199,3.3235626
4.0,2.9236488
4.0,3.9714718
4.0,3.5581808
2.0671959906134045,2.8290787
2.3563788275876743,2.2079916
4.473883405723209,3.3853006
4.59287514509545,9.035582
11.585355164178369,9.055439
16.027175742431574,17.189241
12.659415343612237,18.631218
10.071075123270465,16.806602
12.362759597350625,14.403173
9.906700744731191,12.323274
7.188689195783789,8.493127
3.7926234595152177,4.0156755
4.0,2.8941536
3.596329832011854,3.5731869
4.0,2.5739326
4.0,2.7196035
4.0,2.9675531
4.0,3.3630943
4.0,3.889533
4.0,3.9417849
4.0,3.934782
4.0,3.7124538
4.0,3.5259771
4.0,3.2307777
4.0,3.1858063
4.0459,4.6231914
6.4786,4.9584813
10.9768,8.16996
15.68919441329416,18.605743
23.072118877920875,23.979395
27.630257531155173,27.294006
28.8778,28.116947
26.032,25.127104
20.3404,20.371048
13.0882,12.924104
6.295,6.548063
4.0,4.5233665
4.0,3.913559
4.0,4.193692
4.0,4.0981245
4.0,4.22507
4.0,4.1637363
4.0,4.0815744
4.0,4.041127
4.0,4.0360966
4.0,3.654667
4.0,3.4112806
4.0,3.5723457
4.0,3.535925
4.0459,5.038706
5.698299999999999,5.761949
9.7834,9.365902
15.9799,16.83611
22.778073880192657,25.10959
28.385644582150505,29.257595
28.926841900967,30.036192
25.97435975341009,27.08818
20.6158,20.953249
13.2259,12.691164
6.3868,6.3104267
2.6099428819352557,4.145034
3.387778814806195,3.3864927
4.0,3.5795975
4.0,3.6902676
4.0,3.8085938
4.0,3.845337
4.0,3.9184828
4.0,3.9918633
4.0,4.045904
4.0,4.151799
4.0,4.004903
4.0,4.0140877
0.13105270026404092,4.175804
0.06838677360162748,2.5869436
1.8763852060524577,3.570816
6.1068967944886445,6.697299
11.112262096238046,11.490017
15.993045223540593,18.298038
22.9393820320387,25.37635
23.08567466212161,26.831837
21.97614641921522,22.974174
16.800127320417026,18.906685
9.74752426152814,10.7401085
3.7584012388663197,5.104611
1.4070260867102249,3.8205948
1.2449935190378643,3.2610893
1.1815961307256657,2.7676811
1.4898789982460627,2.4906244
1.9553966730066907,2.9502354
2.276167801047407,3.3138752
